ProfileName,TransactionDate,TransactionAmount,TransactionNarrative,TransactionDescription,TransactionID,TransactionType,WalletReference
"Card Campaign","2014-01-12 05:33:22",-10000,"ENGEN TSOLAMOSESI         GABORONE      BW",DEDUCT,0384012056029314,1,P_NzUyMDI4NjRfMTM4NTM2NjE4OC44Njcy,
"Card Campaign","2014-01-12 05:33:22",-10000,"ENGEN TSOLAMOSESI         GABORONE      BW",DEDUCT,0384012056029314,1,P_NzUyMDI4NjRfMTM4NTM2NjE4OC44Njcy,
"Card Campaign","2014-01-12 05:34:25",-10000,"ENGEN TSOLAMOSESI         GABORONE      BW",DEDUCT,0584012056667274,1,P_NzUyMDI4NjRfMTM4NTM2NjE4OC44Njcy,
"Card Campaign","2014-01-12 06:26:17",-20000,"Molepolole Filli100558    Gaborone      BW",DEDUCT,0084012233581869,0,P_NzI5OTE3NjZfMTM4MTkzNjk5Mi45NTc2,
"Card Campaign","2014-01-12 06:31:50",-15000,"*SHAKAWE                  SHAKAWE       BW",DEDUCT,0464012235101611,1,P_NzUxMTk2ODNfMTM4MjA5MDM2OC40Mzky,
"Card Campaign","2014-01-12 06:50:46",-40000,"*SESARONA                 LOBATSE       BW",DEDUCT,0464012246461911,1,P_NzQ0NDQwNDBfMTM4MDgxMjU1NC4wNDY2,
"Card Campaign","2014-01-12 07:07:59",-35000,"*TONOTA                   FRANCISTOWN   BW",DEDUCT,0464012256795076,1,P_NzI2NjA4NjZfMTM3ODgwOTc5OC41NjIx,
"Card Campaign","2014-01-12 07:38:41",-5000,"*SEROWE64                 SEROWE        BW",DEDUCT,0584012275213436,1,P_NzI5NTA3MzFfMTM4NjMzMjM2Mi42NTI2,
"Card Campaign","2014-01-12 07:43:33",-12000,"Choppies Store P102220    Lobatse       BW",DEDUCT,0084012279930937,0,P_NzYzNzM1NDZfMTM3OTMzMDMxOS4xMDgz,
"Card Campaign","2014-01-12 07:50:22",-20000,"*BDF THEBEPHATSWA         MOLEPOLOLE    BW",DEDUCT,0304012282224503,1,P_NzUyODU4ODJfMTM4NjMyODY5Ni4wNzky,
"Card Campaign","2014-01-12 08:13:22",-50000,"*NORTHGATE MALL           GABORONE      BW",DEDUCT,0584012296020384,1,P_NzY1NTAxNDZfMTM4ODM5MjU4My4xMTQ3,
"Card Campaign","2014-01-12 08:16:58",-10000,"*MAHALAPYE                MAHALAPYE     BW",DEDUCT,0304012298191470,1,P_NzI5NzYzMjlfMTM3ODMwMDI2Ny40MzUy,
"Card Campaign","2014-01-12 08:22:58",-6220,"Choppies Superst102631    Lobatse       BW",DEDUCT,0284012303585533,0,P_NzI5NzYzMjlfMTM3ODMwMDI2Ny40MzUy,
"Card Campaign","2014-01-12 08:24:56",-10250,"Sunset Butchery 100343    Francistown   BW",DEDUCT,0004012304765521,0,P_NzI4Njk3MTBfMTM4MTQ5MTEwNy4wNTMy,
"Card Campaign","2014-01-12 08:25:03",-5000,"616432 WHITE CITY FILLING BOTSWANA      BW",DEDUCT,0284012159042546,0,P_NzQzMDA2NjlfMTM4OTQzODQ2NS43OTUz,
"Card Campaign","2014-01-12 08:30:17",-7795,"Choppies Hyper R100256    Lobatse       BW",DEDUCT,0284012307976679,0,P_NzIzNDk2ODZfMTM4NTY1OTU3My4yMDQ1,
"Card Campaign","2014-01-12 10:09:46",-5395,"Choppies Hyper R100256    Lobatse       BW",DEDUCT,0164012367663009,0,P_Nzc0NzIzNjlfMTM4MzkwMjg0Ny41NTIy,
"Card Campaign","2014-01-12 10:39:59",-11490,"169473 CHOPPIES SUPER STO BOTSWANA      BW",DEDUCT,0164012239997884,0,P_Nzc0ODIwMzZfMTM4MzMyMDk3Mi4wOTMx,
"Card Campaign","2014-01-12 11:11:09",-30000,"THAMAGA ATM               BWS           BW",DEDUCT,0384012258699343,1,P_NzQ0OTE5NjVfMTM4NzU0OTg0My44MzM=,
"Card Campaign","2014-01-12 11:15:11",-2205,"548817 PAY-LESS (PTY) LTD BOTSWANA      BW",DEDUCT,0164012261115601,0,P_NzIxMzExMDZfMTM4NjMyNzk1MS4wNDE2,
"Card Campaign","2014-01-12 13:25:13",-20000,"370592 ENGEN LOBATSE      BOTSWANA      BW",DEDUCT,0004012339137766,0,P_Nzc1Mjc4NTdfMTM4NDc5MjU5Ni44MDAx,
"Card Campaign","2014-01-12 13:28:18",-2000,"AIRPORT JXN               GABORONE      BW",DEDUCT,0584012483829118,1,P_NzQzNjEzMjlfMTM3NzI2NzA1MS4xNTU4,
"Card Campaign","2014-01-12 13:34:32",-9000,"*MAHALAPYE                MAHALAPYE     BW",DEDUCT,0304012488725740,1,P_NzIyMDMxNzdfMTM3NzU5NzQ1Ni44NDAz,
"Card Campaign","2014-01-12 13:36:51",-1695,"104447 G-WEST CHOPPIES    BOTSWANA      BW",DEDUCT,0164012346116965,0,P_Nzc0MDEyNTdfMTM4MDcwOTA2Mi4yMDQ3,
"Card Campaign","2014-01-12 13:37:30",-3400,"Sunset Butchery 100343    Francistown   BW",DEDUCT,0164012492310706,0,P_NzI4Njk3MTBfMTM4MTQ5MTEwNy4wNTMy,
"Card Campaign","2014-01-12 13:37:56",-10045,"050665 MARANG SUPER SPAR  BOTSWANA      BW",DEDUCT,0284012346771396,0,P_NzIyMDY1MjZfMTM4MTgyMzI3NC4xMDE0,
"Card Campaign","2014-01-12 13:39:53",-10000,"PALAPYE BRANCH ATM        PALAPYE       BW",DEDUCT,0304012347937095,1,P_Nzc1MjI0NTNfMTM4Njg1MDE3Ny4yMDA4,
"Card Campaign","2014-01-12 13:42:47",-10000,"PALAPYE BRANCH 2          PAL           BW",DEDUCT,0584012349674549,1,P_Nzc1MjI0NTNfMTM4Njg1MDE3Ny4yMDA4,
"Card Campaign","2014-01-12 13:48:28",-130000,"KWENA MALL ATM            JOHANNESBURG  BW",DEDUCT,0464012353087225,1,P_NzI3NjE1MDBfMTM3NjM5Mzc4Mi4yOTM3,
"Card Campaign","2014-01-12 13:55:53",-10000,"ENGEN MOGODITSHANE AT     BOTSWANA      BW",DEDUCT,0384012357547946,1,P_NzI4MjQ1NDJfMTM4MDM2NDM2NC4xODU4,
"Card Campaign","2014-01-12 13:57:59",-25000,"A1 Service Stati101242    Gaborone      BW",DEDUCT,0084012504594919,0,P_NzUxNTIzMTJfMTM4NjMzNzM0OC44MDM3,
"Card Campaign","2014-01-12 13:59:08",-5100,"126275 LOBATSE VALUE STOR BOTSWANA      BW",DEDUCT,0004012359483044,0,P_Nzc1Mjc4NTdfMTM4NDc5MjU5Ni44MDAx,
"Card Campaign","2014-01-12 13:59:45",-60000,"CHOPPIES MASUNGA MALL     BOTSWANA      BW",DEDUCT,0384012359854815,1,P_NzI0NDQzNzlfMTM4NjI1MTI5MS4yNzY4,
"Card Campaign","2014-01-12 14:03:22",-1895,"Shoppers Palapye102969    Palapye       BW",DEDUCT,0284012507826582,0,P_NzIxNDExMjdfMTM3ODczNzIzOS44OTU=,
"Card Campaign","2014-01-12 14:14:56",-200000,"FRANCISTOWN INDUSTRIAL    FRANCISTOWN   BW",DEDUCT,0584012369954567,1,P_NzI3NDM4OTZfMTM3Nzc2MjAxMS44MTEx,
"Card Campaign","2014-01-12 14:16:06",-45000,"791604 BAKGATLA FILLING S BOTSWANA      BW",DEDUCT,0164012369679621,0,P_NzIxOTI2MDZfMTM4MTE1MjMxNS4zNTkz,
"Card Campaign","2014-01-12 14:16:10",-14722,"029735 PEP 8310           BOTSWANA      BW",DEDUCT,0004012369716247,0,P_NzI0NTc2MjRfMTM4MTQ3ODYxMi4zMDE2,
"Card Campaign","2014-01-12 14:16:24",-10000,"TRUWORTHS                 BOTSWANA      BW",DEDUCT,0384012369849844,1,P_NzI3NDUxNDRfMTM4NDM1MDQ5NC4yMTUx,
"Card Campaign","2014-01-12 14:16:50",-4000,"MAUN BRANCH               MAUN          BW",DEDUCT,0384012371096427,1,P_NzIyMDM0OTBfMTM4MzY2MDE0MS4yMjc5,
"Card Campaign","2014-01-12 14:29:45",-2140,"292051 CHOPPIES VALUE STO BOTSWANA      BW",DEDUCT,0164012377851507,0,P_NzI0NTc2MjRfMTM4MTQ3ODYxMi4zMDE2,
"Card Campaign","2014-01-12 14:33:35",-10000,"GABORONE INDUSTRIAL       GAB           BW",DEDUCT,0304012380154471,1,P_NzIzNTI4NDlfMTM4MzgwOTUyMS41ODkx,
"Card Campaign","2014-01-12 14:34:22",-10000,"BROADHURST INDUSTRIAL     BROADHURST    BW",DEDUCT,0584012380626899,1,P_NzIxOTIyMjlfMTM3OTY5MDI2Ny41MzI5,
"Card Campaign","2014-01-12 14:35:48",-11797,"726796 PEP STORES RAIL PA BOTSWANA      BW",DEDUCT,0004012381483479,0,P_NzI0NzY4MDZfMTM3NzYxNjA4OC4yNTY4,
"Card Campaign","2014-01-12 14:36:21",-40000,"EASY PLAN RAILWAY         GABORONE      BW",DEDUCT,0464012381818320,1,P_NzI0ODc5NzhfMTM4NjA1OTI2My45NTIy,
"Card Campaign","2014-01-12 14:36:39",-10000,"SELEBI PHIKWE 1           GABORONE      BW",DEDUCT,0464012381991754,1,P_NzIyMDkwNThfMTM4NTQ2MzIyMS45OTgx,
"Card Campaign","2014-01-12 14:38:17",-15000,"*SHAKAWE                  SHAKAWE       BW",DEDUCT,0584012526979397,1,P_Nzc1MjIwNDBfMTM4NTE5MTQyNy4yMjE2,
"Card Campaign","2014-01-12 14:39:46",-10000,"MOLEPOLOLE                GABARONE      BW",DEDUCT,0304012455870729,1,P_Nzc1Mjk5NjJfMTM4OTM0NjY3Mi40MTg2,
"Card Campaign","2014-01-12 14:41:59",-50000,"BUS RANK ATM 1            JOHANNESBURG  BW",DEDUCT,0384012385199947,1,P_NzIxOTIyNDhfMTM4OTM2NTAwMi42MzAz,
"Card Campaign","2014-01-12 14:43:27",-50000,"*GHANZI                   GHANZI        BW",DEDUCT,0584012530089720,1,P_NzUwMDkzNThfMTM3ODc5NzQxNy43MjM4,
"Card Campaign","2014-01-12 14:44:47",-10000,"MARKUS CALTEX FILLING     BW            BW",DEDUCT,0584012386873412,1,P_NzI1OTk5MDBfMTM4NTczNjUzNi4zNTcz,
"Card Campaign","2014-01-12 14:44:53",-30000,"*TONOTA                   FRANCISTOWN   BW",DEDUCT,0384012530931813,1,P_NzQzNDA1NjBfMTM4MjM0MzYwMi40NzM5,
"Card Campaign","2014-01-12 14:47:52",-19770,"578939 WIMPY PHAKALANE    BOTSWANA      BW",DEDUCT,0284012388727189,0,P_NzI2NDM5OTlfMTM4MzY1MzIwNS4yMzQ=,
"Card Campaign","2014-01-12 14:55:15",-20000,"GRAND PALM ATM            BOTSWANA      BW",DEDUCT,0584012393156950,1,P_NzIxMDg3MDZfMTM4NDYwMTc1NS4yNjIy,
"Card Campaign","2014-01-12 14:55:49",-6000,"Sunset Butchery 100343    Francistown   BW",DEDUCT,0084012539309332,0,P_NzI4Njk3MTBfMTM4MTQ5MTEwNy4wNTMy,
"Card Campaign","2014-01-12 14:57:10",-10000,"PALAPYE BRANCH 2          PAL           BW",DEDUCT,0304012394303080,1,P_NzI5OTQ5NDRfMTM4NDE2MjA2Ny45NjUy,
"Card Campaign","2014-01-12 14:57:25",-10000,"AIRPORT JUNCTION BRANCH   GABORONE      BW",DEDUCT,0464012395453244,1,P_NzY1NDkxNjVfMTM4NzU0Mjg5OC40OTk1,
"Card Campaign","2014-01-12 14:57:51",-10000,"AIRPORT JUNCTION ATM      GABORONE      BW",DEDUCT,0384012466713485,1,P_NzQ0MjAwMTZfMTM3OTU5MjE3OS44OTI2,
"Card Campaign","2014-01-12 14:58:27",-10000,"MAHALAPYE BRANCH          BOTSWANA      BW",DEDUCT,0584012395072004,1,P_NzUzMDAzODVfMTM4NzI4MTQ5NC4zNzI2,
"Card Campaign","2014-01-12 15:02:21",-10000,"MOLEPOLOLE BRANCH 2       GABORONE      BW",DEDUCT,0304012397419132,1,P_NzI2NzA1NjhfMTM4MjQzMzE2OC41Mjk3,
"Card Campaign","2014-01-12 15:03:05",-6984,"128552 P G TIMBERS MAUN   BOTSWANA      BW",DEDUCT,0084012397854064,0,P_Nzc1MDA3MTFfMTM4MTQ4MjU0MC4zMTc2,
"Card Campaign","2014-01-12 15:09:52",-3880,"370592 ENGEN LOBATSE      BOTSWANA      BW",DEDUCT,0164012401925347,0,P_NzUzNDA5MjRfMTM4MDg4NDc0OC4yNjA1,
"Card Campaign","2014-01-12 15:09:52",3880,"370592 ENGEN LOBATSE      BOTSWANA      BW",REVERSAL,0164012401925347,0,P_NzUzNDA5MjRfMTM4MDg4NDc0OC4yNjA1,
"Card Campaign","2014-01-12 15:10:45",-3880,"370592 ENGEN LOBATSE      BOTSWANA      BW",DEDUCT,0164012402455416,0,P_NzUzNDA5MjRfMTM4MDg4NDc0OC4yNjA1,
"Card Campaign","2014-01-12 15:11:38",-10000,"*NYERERE                  GAORONE       BW",DEDUCT,0304012546980282,1,P_NzIxNTE5NzFfMTM4MDM2NDkwOS43NTM5,
"Card Campaign","2014-01-12 15:11:41",-4880,"Choppies Store L100380    Lobatse       BW",DEDUCT,0004012548828909,0,P_NzI3OTA5MzFfMTM4NjU5MTE4MC4yNzgz,
"Card Campaign","2014-01-12 15:13:43",-12220,"162502 CHOPPIES           BOTSWANA      BW",DEDUCT,0164012404238247,0,P_Nzc1MDc0MTNfMTM4NTgwOTEwNS4wMjk0,
"Card Campaign","2014-01-12 15:21:57",-5000,"AIRPORT JUNCTION ATM      GABORONE      BW",DEDUCT,0384012481171684,1,P_Nzc1MDE4NTVfMTM4OTQ1NDM1Ni42NDE2,
"Card Campaign","2014-01-12 15:25:40",-30215,"Choppies 2 Franc102992    Lobatse       BW",DEDUCT,0084012557215293,0,P_NzIxNDg2MDRfMTM4NjY2ODQ5MC44NDUx,
"Card Campaign","2014-01-12 15:26:50",-11310,"782218 SHOPPERS BROADHURS BOTSWANA      BW",DEDUCT,0004012412104748,0,P_NzI4MzMxMzFfMTM4MTQwNDM4OC4yMjIz,
"Card Campaign","2014-01-12 15:29:23",-8290,"805522 SHOPRITE MAUN      BOTSWANA      BW",DEDUCT,0004012413649294,0,P_Nzc1MDA3MTFfMTM4MTQ4MjU0MC4zMTc2,
"Card Campaign","2014-01-12 15:26:23",-30000,"EASY PLAN RAILWAY         GABORONE      BW",DEDUCT,0584012412153040,1,P_NzQzNjAxNTlfMTM4NjIzNjEzMS4wNzQ5,
"Card Campaign","2014-01-12 15:33:46",-50000,"BROADHURST INDUSTRIAL     BROADHURST    BW",DEDUCT,0584012416267521,1,P_NzI1MzE3NzdfMTM4MzA1MTM4OS4xNTY=,
"Card Campaign","2014-01-12 15:34:16",-17835,"292051 CHOPPIES VALUE STO BOTSWANA      BW",DEDUCT,0084012416562849,0,P_NzI0NTc2MjRfMTM4MTQ3ODYxMi4zMDE2,
"Card Campaign","2014-01-12 15:35:02",-30000,"TLOKWENG BOARDER GATE     BOTSWANA      BW",DEDUCT,0464012417031113,1,P_NzI3NjU3NDRfMTM4NTUzNTI5My42Njc2,
"Card Campaign","2014-01-12 15:46:12",-3145,"486554 PICK N' PAY        BOTSWANA      BW",DEDUCT,0004012423724491,0,P_NzI0MDU0NzNfMTM4MTIzODY0MC4wNTIz,
"Card Campaign","2014-01-12 15:48:12",-10000,"THAMAGA ATM               BWS           BW",DEDUCT,0584012424920836,1,P_NzI0NTg3OTdfMTM4MzEzNTMyNS4wMzk3,
"Card Campaign","2014-01-12 15:49:27",-16000,"Sunset Butchery 100343    Francistown   BW",DEDUCT,0084012571489190,0,P_NzI4Njk3MTBfMTM4MTQ5MTEwNy4wNTMy,
"Card Campaign","2014-01-12 15:53:38",-5000,"*MOGODITSHANE2            MOGODITHSANE  BW",DEDUCT,0584012572181443,1,P_NzUyNzQwNDlfMTM4MzMxNTMwNC4xMzc1,
"Card Campaign","2014-01-12 15:54:05",-6000,"*KAGISO ATM13             GABORONE      BW",DEDUCT,0584012572453318,1,P_NzQ0Nzg2MjNfMTM4NjA2MTA2NC4yNTU=,
"Card Campaign","2014-01-12 15:55:13",-50000,"MAHALAPYE BRANCH          BOTSWANA      BW",DEDUCT,0478928932843767,1,P_NzQ0NDExNzFfMTM4NzI3NDgxMC42OTc5,
"Card Campaign","2014-01-12 15:59:22",-9550,"Magos Pub       102862    Jwaneng       BW",DEDUCT,0284012577448056,0,P_Nzc0OTg4MThfMTM4MTMyODQ1Ni43MTU4,
"Card Campaign","2014-01-12 16:02:33",-1000,"Choppies Superst102145    Lobatse       BW",DEDUCT,0084012579345939,0,P_NzY1NDkwMjNfMTM4NTEyOTU4MC45NDI2,
"Card Campaign","2014-01-12 16:07:26",-5000,"*RAIL PARK MALL           GABORONE      BW",DEDUCT,0384012580472805,1,P_NzIxNjIxMTRfMTM4MDk2MTY5Ny4zNTYx,
"Card Campaign","2014-01-12 16:07:56",-52790,"639993 C N A AIRPORT JUNC BOTSWANA      BW",DEDUCT,0164012436765976,0,P_NzIxMTI3NjZfMTM3NTcwMDA5MS41MjIx,
"Card Campaign","2014-01-12 16:09:09",-19403,"*MEGAWATT PARK            PALAPYE       BW",DEDUCT,0384012581494519,1,P_NzY1MDgxNDdfMTM4NDc3NTIxNi4wNjk1,
"Card Campaign","2014-01-12 16:09:13",-15000,"791604 BAKGATLA FILLING S BOTSWANA      BW",DEDUCT,0084012437535404,0,P_NzI5ODY2NDVfMTM4NzI2ODkzMS43MDcz,
"Card Campaign","2014-01-12 16:10:02",-6690,"Supa Save Mogodi100946    Gaborone      BW",DEDUCT,0084012583832355,0,P_NzI1MzUzMDFfMTM4ODczMjgyNS44NjM5,
"Card Campaign","2014-01-12 16:11:06",-10000,"CHOPPIES KANYE            JOHANNESBURG  BW",DEDUCT,0304012438663663,1,P_NzY1NDY1MzRfMTM4NzI4NjgyNy42NzM1,
"Card Campaign","2014-01-12 16:11:45",-9455,"Choppies Hyper R100256    Lobatse       BW",DEDUCT,0284012584863807,0,P_Nzc0MDM2NjVfMTM3OTA2NzA4MC44Nzk5,
"Card Campaign","2014-01-12 16:12:27",-14998,"582524 JET RAILWAYS ARIL  BOTSWANA      BW",DEDUCT,0004012439474137,0,P_NzQzNjAxNTlfMTM4NjIzNjEzMS4wNzQ5,
"Card Campaign","2014-01-12 16:16:05",-20000,"*TLOKWENG                 TLOKWENG      BW",DEDUCT,0584012585653151,1,P_NzI2NTE1NjdfMTM3ODQ3NjU1Ni42MDky,
"Card Campaign","2014-01-12 16:16:22",-50000,"BROADHURST INDUSTRIAL     BROADHURST    BW",DEDUCT,0384012441820963,1,P_NzI0Nzg0MDhfMTM3ODk4NTM3Ny4yMDIz,
"Card Campaign","2014-01-12 16:16:56",-10000,"PALM GROVE ATM            GABORONE      BW",DEDUCT,0384012442179699,1,P_NzY5MTUzNDZfMTM4OTM1NTE2Ny4yNzY3,
"Card Campaign","2014-01-12 16:16:57",-10000,"*TLOKWENG                 TLOKWENG      BW",DEDUCT,0384012586184024,1,P_NzI2NTE1NjdfMTM3ODQ3NjU1Ni42MDky,
"Card Campaign","2014-01-12 16:18:25",-35000,"*PALAPYE ENGEN            PALAPYE       BW",DEDUCT,0384012587059924,1,P_NzI5MTc3NzdfMTM4MDUyOTMyOS4wNjI4,
"Card Campaign","2014-01-12 16:20:10",-50000,"*TONOTA                   FRANCISTOWN   BW",DEDUCT,0584012588105302,1,P_NzI4Njk3MTBfMTM4MTQ5MTEwNy4wNTMy,
"Card Campaign","2014-01-12 16:22:18",-60000,"PHAKALANE PUMA FILLIN     BOTSWANA      BW",DEDUCT,0464012445387784,1,P_NzI3NzQ3MTNfMTM3NjY1NTQ5OC45MDQ3,
"Card Campaign","2014-01-12 16:24:25",-10000,"NO MATHATA                GABORONE      BW",DEDUCT,0584012447654666,1,P_NzIyNzI1OTBfMTM3OTQzMzA4Ny45Mzcz,
"Card Campaign","2014-01-12 16:25:12",-9000,"*BDF GLEN VALLEY          GABORONE      BW",DEDUCT,0384012591136348,1,P_NzQ0MzAyOTlfMTM4MTE2MTE3MC4xOTk4,
"Card Campaign","2014-01-12 16:25:37",-50000,"SEROWE BRANCH             SEROWE        BW",DEDUCT,0304012448365830,1,P_NzU3NTE5NDdfMTM4MTMyNDUyMi45NTc4,
"Card Campaign","2014-01-12 16:25:37",-20954,"ENGEN WIRED              GABARONE       BW",DEDUCT,0528738473949230,1,P_NzUI4398F03ghjffMOIF8340Mi45NTc4,
"Card Campaign","2014-01-12 21:00:45",-8000,"KWENA MALL                GABORONE      BW",DEDUCT,0304012613455263,1,P_NzUzMjc1MjhfMTM3ODIyMzM2Ni43NzY5,
"Card Campaign","2014-01-12 21:00:55",-10000,"MAHALAPYE BRANCH          BOTSWANA      BW",DEDUCT,0464012612559453,1,P_NzIzNzYyMzNfMTM4NTcxMzk5MS40NDI2,
"Card Campaign","2014-01-12 21:01:35",-10000,"MAHALAPYE BRANCH          BOTSWANA      BW",DEDUCT,0304012612954791,1,P_NzIzNzYyMzNfMTM4NTcxMzk5MS40NDI2,
"Card Campaign","2014-01-12 21:06:43",-5800,"783497 MAFENYATLALA SUPER BOTSWANA      BW",DEDUCT,0284012616037925,0,P_NzI4MDY2MzBfMTM4Mjc3NTgyNC40Mzc1,
"Card Campaign","2014-01-12 21:10:14",-15640,"383512 CHOPPIES BONNINGTO BOTSWANA      BW",DEDUCT,0004012618141010,0,P_NzUyMjg5MDFfMTM3ODAxOTIxOC44ODcy,
"Card Campaign","2014-01-12 21:10:36",-10000,"462506 OK FOODS-LOBATSE   BOTSWANA      BW",DEDUCT,0284012618361902,0,P_NzY1NTkxMDBfMTM3NjAzOTYxNC4yNA==,
"Card Campaign","2014-01-12 21:26:52",-2000,"KWENA MALL                GABORONE      BW",DEDUCT,0384012629122783,1,P_NzUzMjc1MjhfMTM3ODIyMzM2Ni43NzY5,
"Card Campaign","2014-01-12 21:29:18",-13490,"926617 NANDOS PALAPYE     BOTSWANA      BW",DEDUCT,0004012629583503,0,P_NzIyMjgxNzZfMTM4NTAyOTI5NC41OTc=,
"Card Campaign","2014-01-12 21:35:14",-5630,"495290 PAYLESS            BOTSWANA      BW",DEDUCT,0284012633146904,0,P_NzI3NjA0MDBfMTM4NzM3NDc3Mi44Nzk=,
"Card Campaign","2014-01-12 21:38:15",-5000,"ATM CENTRE BRANCH ATM     BOTSWANA      BW",DEDUCT,0304012634958577,1,P_NzI3MzE2MTZfMTM3NjY2MjQxMC4zODgy,
"Card Campaign","2014-01-12 21:39:05",-20000,"390780 KAYS SERVICE STATI BOTSWANA      BW",DEDUCT,0084012635456730,0,P_NzIxMTI2NzBfMTM3OTk0MjI5NC41Mjk0,
"Card Campaign","2014-01-12 21:43:49",-10000,"783497 MAFENYATLALA SUPER BOTSWANA      BW",DEDUCT,0164012638292535,0,P_NzQzMjA1MTlfMTM4Nzg3Njk5NC41NjQ5,
"Card Campaign","2014-01-12 21:44:19",-20000,"PALM GROVE ATM            GABORONE      BW",DEDUCT,0464012638594043,1,P_NzI1MDYwNDhfMTM4NzA5NzE0OC4zODE4,
"Card Campaign","2014-01-12 21:45:51",-10000,"CHOPPIES GABANE ROAD      BOT           BW",DEDUCT,0464012639518749,1,P_NzI3OTkzNzNfMTM4MzEzMDc0Ni44NDAx,
"Card Campaign","2014-01-12 21:46:33",-10000,"MOCHUDI SPAR ATM          MOCHUDI       BW",DEDUCT,0304012639938222,1,P_NzQ4NzY3NzBfMTM4OTI2MzIxNi45NTk2,
"Card Campaign","2014-01-12 21:54:39",-30000,"DINOS SHOPPERS            BOTSWANA      BW",DEDUCT,0464012644803354,1,P_NzI3NTQ5MTdfMTM4NjA3NjAzNi45MTkz,
"Card Campaign","2014-01-12 21:55:27",-20000,"ENGEN TSOLAMOSESI         GABORONE      BW",DEDUCT,0584012645272003,1,P_NzUwNDg3ODdfMTM4MjUyMDA3Mi44MjM4,
"Card Campaign","2014-01-12 21:59:29",-10000,"KFC ATM                   JOHANNESBURG  BW",DEDUCT,0584012647694946,1,P_NzI3NDUxNDRfMTM4NDM1MDQ5NC4yMTUx,
"Card Campaign","2014-01-12 21:59:47",-10000,"FRIENDLY GROCER           JOHANNESBURG  BW",DEDUCT,0384012647878455,1,P_NzI2MzM3OTFfMTM4NjIzODI2My45MjAy,
"Card Campaign","2014-01-12 22:00:19",-10000,"JWANENG BRANCH            BOTSWANA      BW",DEDUCT,0464012648195479,1,P_Nzc0OTg4MThfMTM4MTMyODQ1Ni43MTU4,
"Card Campaign","2014-01-12 22:05:11",-10000,"CHOPPIES GABANE ROAD      BOT           BW",DEDUCT,0584012651116258,1,P_NzQzNTQzODFfMTM4NzM2Njg5NS4xODAy,
"Card Campaign","2014-01-12 22:08:07",-2695,"921568 MOCHUDI SPAR       BOTSWANA      BW",DEDUCT,0164012652889581,0,P_NzQ4NzY3NzBfMTM4OTI2MzIxNi45NTk2,
"Card Campaign","2014-01-12 22:13:27",-2585,"730842 SPAR GANTSI        BOTSWANA      BW",DEDUCT,0004012656071466,0,P_NzI5OTU5NDBfMTM4NzA5MDEzMS4zMTM5,
"Card Campaign","2014-01-12 22:17:48",-6000,"MAUN ATM                  MAUN          BW",DEDUCT,0304012730680889,1,P_NzUwNDMxMjZfMTM3OTU4NDc0My43MDMx,
"Card Campaign","2014-01-12 22:31:14",-17000,"ORAPA LETLHAKANE          ORAPA         BW",DEDUCT,0464012667742576,1,P_NzQ0NDA4NzBfMTM4MjUxMzczOC4wMTU0,
"Card Campaign","2014-01-12 22:32:10",-7780,"732908 BOITUMELO DIJO (PT BOTSWANA      BW",DEDUCT,0084012667305886,0,P_NzIxOTIyNDhfMTM4OTM2NTAwMi42MzAz,
"Card Campaign","2014-01-12 22:37:57",-9000,"563667 ENGEN TRUCK STOP   BOTSWANA      BW",DEDUCT,0084012670778488,0,P_NzIxMDg3MDZfMTM4NDYwMTc1NS4yNjIy,
"Card Campaign","2014-01-12 22:45:14",-10000,"HEMAMO                    GABORONE      BW",DEDUCT,0584012676142890,1,P_NzY1NTAxNDZfMTM4ODM5MjU4My4xMTQ3,
"Card Campaign","2014-01-12 22:49:00",-5000,"MARKUS CALTEX FILLING     BW            BW",DEDUCT,0304012677401678,1,P_NzUwMjQxMDVfMTM4NjA2NTk0MC4zNjI1,
"Card Campaign","2014-01-12 22:54:08",-10000,"SHELL MAHALAPYE           MAHALAPY      BW",DEDUCT,0464012680484350,1,P_Nzc1NzMxMTdfMTM4NzM2OTE5OS4zNzI5,
"Card Campaign","2014-01-12 22:55:06",-20000,"SHELL FRANCISTOWN         FRA           BW",DEDUCT,0304012681067477,1,P_NzI3NDM4OTZfMTM3Nzc2MjAxMS44MTEx,
"Card Campaign","2014-01-12 23:08:10",-5007,"425180 BP PALM GROVE      BOTSWANA      BW",DEDUCT,0004012688904432,0,P_NzIzOTcwMDFfMTM4NjU3Mjg0NS4xODky,
"Card Campaign","2014-01-12 23:25:19",-24000,"746301 UNITED CAFE 3      BOTSWANA      BW",DEDUCT,0004012699199827,0,P_NzI2NjIyNjZfMTM4NjM0MzY2My4zODk1,
"Card Campaign","2014-01-12 23:25:19",24000,"746301 UNITED CAFE 3      BOTSWANA      BW",REVERSAL,0004012699199827,0,P_NzI2NjIyNjZfMTM4NjM0MzY2My4zODk1,
"Card Campaign","2014-01-12 23:26:08",-24000,"746301 UNITED CAFE 3      BOTSWANA      BW",DEDUCT,0284012699683735,0,P_NzI2NjIyNjZfMTM4NjM0MzY2My4zODk1,
"Card Campaign","2014-01-12 23:40:21",-10000,"PALAPYE BRANCH 2          PAL           BW",DEDUCT,0384012708211554,1,P_NzI5OTQ5NDRfMTM4NDE2MjA2Ny45NjUy,
"Card Campaign","2014-01-13 00:40:30",-2000,"CHOPPIES GABANE ROAD      BOT           BW",DEDUCT,0464012744308266,1,P_NzIxMDYyMTJfMTM4MTE0MTQ5MC4zODA2,
"Card Campaign","2014-01-13 01:14:39",-10000,"ENGEN TSOLAMOSESI         GABORONE      BW",DEDUCT,0384012764793175,1,P_NzUwNDg3ODdfMTM4MjUyMDA3Mi44MjM4,
"Card Campaign","2014-01-13 01:15:28",-20000,"SEBELE MALL               BOTSWANA      BW",DEDUCT,0464012765288447,1,P_NzUwNTIzMzNfMTM4ODQ5MDEzMy4wNjg3,
"Card Campaign","2014-01-13 01:30:24",-10000,"MAUN BRANCH               MAUN BRANCH   BW",DEDUCT,0304012774247101,1,P_NzI0NDkyMDRfMTM4NjA1ODUxOC40Nzcz,
"Card Campaign","2014-01-13 01:31:03",-10000,"MAUN BRANCH               MAUN BRANCH   BW",DEDUCT,0304012774638303,1,P_NzI0NDkyMDRfMTM4NjA1ODUxOC40Nzcz,
"Card Campaign","2014-01-13 01:38:56",-5000,"SOUTH RING                JOHANNESBURG  BW",DEDUCT,0464012779360248,1,P_NzI3NTg0NTdfMTM4NjY2NDExNy4zODAy,
